id,name,gender,DOB,MaritalStatus,CreditCardType
1,Damaris,Female,1973-02-18,false,visa-electron
2,Barbe,Female,1969-04-10,true,americanexpress
3,Belia,Female,1960-04-16,false,maestro
4,Leoline,Female,1995-01-19,true,bankcard
5,Valentine,Female,1992-04-16,false,
6,Rosanne,Female,1985-01-05,true,bankcard
7,Shalna,Female,1956-11-01,false,jcb
8,Mordy,Male,1990-03-27,true,china-unionpay
9,Tristan,Male,1998-10-05,true,
10,Alphonso,Male,1992-08-10,false,mastercard
11,Hirsch,Male,1973-02-13,false,
12,Kirstyn,Female,1989-06-28,false,bankcard
13,Benson,Male,1959-10-19,true,switch
14,Florry,Female,1993-11-11,true,diners-club-international
15,Jenine,Female,1957-02-16,false,diners-club-enroute
16,Hortense,Female,1993-12-17,false,jcb
17,Zulema,Female,1990-09-27,false,jcb
18,Leoline,Female,1990-02-02,false,visa-electron
19,Bayard,Male,1997-01-11,false,jcb
20,Joanne,Female,1996-02-01,false,maestro
21,Marlee,Female,1994-11-28,false,
22,Mitchell,Male,1993-03-09,false,maestro
23,Jefferey,Male,1999-09-19,false,jcb
24,Jolee,Female,1951-04-14,false,jcb
25,Selma,Female,1958-08-14,false,mastercard
26,Pavlov,Male,1971-12-24,true,jcb
27,Willi,Male,1999-09-29,false,diners-club-enroute
28,Vi,Female,1988-09-25,false,laser
29,Teodoro,Male,1969-03-02,false,jcb
30,Loralyn,Female,1953-11-27,false,
31,Carlen,Female,1964-08-01,true,jcb
32,Walden,Male,1968-10-27,false,jcb
33,Phillie,Female,1976-09-07,false,diners-club-enroute
34,Dicky,Male,1956-06-15,true,
35,Antonietta,Female,1986-05-01,false,americanexpress
36,Natasha,Female,1952-01-15,true,diners-club-enroute
37,Tadeas,Male,1973-10-12,false,jcb
38,Vyky,Female,1986-08-03,false,maestro
39,Estevan,Male,1966-08-22,false,jcb
40,Andrey,Male,1952-11-18,false,diners-club-enroute
41,Leonidas,Male,1972-01-28,true,maestro
42,Blinnie,Female,1957-08-22,false,
43,Randolf,Male,1951-04-23,false,bankcard
44,Maurene,Female,1975-08-04,true,jcb
45,Sky,Male,1991-06-08,true,laser
46,Kaspar,Male,1981-12-06,false,
47,Noll,Male,1957-01-26,true,mastercard
48,Haley,Male,1980-11-10,true,diners-club-carte-blanche
49,Orran,Male,1977-07-15,true,jcb
50,Jonas,Male,1976-01-07,true,diners-club-carte-blanche
51,Flori,Female,1978-01-12,false,china-unionpay
52,Casey,Male,1988-03-21,false,jcb
53,Candie,Female,1963-06-12,false,maestro
54,Marve,Male,1998-07-26,false,
55,Corette,Female,1972-08-27,true,jcb
56,Christy,Female,1995-07-14,true,china-unionpay
57,Ronnica,Female,1986-05-31,false,diners-club-enroute
58,Augy,Male,1966-11-25,true,jcb
59,Cori,Male,1969-03-27,true,mastercard
60,Boigie,Male,1989-06-30,true,jcb
61,Isac,Male,1957-06-23,true,bankcard
62,Sigismond,Male,1951-06-17,true,
63,Steffie,Female,1998-10-28,false,jcb
64,Mario,Male,1989-06-22,false,jcb
65,Halli,Female,1959-06-16,true,diners-club-enroute
66,Nada,Female,2000-08-23,true,jcb
67,Jeanne,Female,1987-11-16,true,laser
68,Jess,Female,1962-07-26,true,mastercard
69,Lyda,Female,1970-03-17,false,
70,Jobyna,Female,1967-09-15,true,diners-club-enroute
71,Jaclyn,Female,1999-04-29,true,switch
72,Sibel,Female,1981-08-16,false,jcb
73,Dodi,Female,1995-10-02,true,americanexpress
74,Eydie,Female,1979-06-23,false,jcb
75,Gauthier,Male,1967-02-11,true,
76,Mala,Female,1995-11-21,true,visa-electron
77,Lorelei,Female,2000-12-18,false,americanexpress
78,Marillin,Female,1973-12-18,true,
79,Christabella,Female,1998-04-22,true,mastercard
80,Julietta,Female,1984-11-15,false,switch
81,Hieronymus,Male,1961-09-11,true,jcb
82,Brandea,Female,1967-06-02,true,americanexpress
83,Norma,Female,1984-01-20,true,switch
84,Jarred,Male,1952-03-10,false,americanexpress
85,Rustin,Male,1959-07-02,true,jcb
86,Kris,Male,1974-08-17,true,jcb
87,Cristie,Female,1953-04-19,true,diners-club-carte-blanche
88,Maxine,Female,1979-03-17,true,mastercard
89,Karlis,Male,1975-04-08,false,jcb
90,Othella,Female,1993-03-26,false,mastercard
91,Orsola,Female,1991-10-11,true,diners-club-enroute
92,Maximilianus,Male,1992-05-01,false,jcb
93,Denny,Male,1991-01-15,false,jcb
94,Judas,Male,2000-06-28,false,americanexpress
95,Nicholle,Female,1970-07-04,true,china-unionpay
96,Jewelle,Female,1982-03-05,false,jcb
97,Sanford,Male,1987-01-25,false,diners-club-us-ca
98,Ailey,Female,1977-12-20,true,visa-electron
99,Margy,Female,1951-09-09,false,jcb
100,Nero,Male,1984-07-11,true,bankcard
101,Finlay,Male,1983-04-01,false,mastercard
102,Esme,Female,1953-05-09,true,bankcard
103,Ber,Male,1997-04-01,true,china-unionpay
104,Merill,Male,1994-10-20,false,china-unionpay
105,Darell,Female,1986-06-14,false,mastercard
106,Lela,Female,1959-12-24,true,mastercard
107,Felicle,Female,1956-11-17,false,mastercard
108,Kattie,Female,1964-10-25,false,jcb
109,Mayer,Male,1990-09-09,false,jcb
110,Hamlen,Male,1992-12-13,false,visa-electron
111,Erasmus,Male,1964-12-26,false,jcb
112,Wadsworth,Male,1996-09-26,false,visa-electron
113,Aleece,Female,1961-05-01,true,americanexpress
114,Velma,Female,1990-03-08,false,jcb
115,Elmira,Female,1952-06-01,true,bankcard
116,Bernardo,Male,1958-06-09,true,visa
117,Nevins,Male,1969-05-21,false,
118,Brose,Male,1987-09-05,false,diners-club-enroute
119,Rozalie,Female,1990-12-24,false,mastercard
120,Opalina,Female,1954-03-27,true,jcb
121,Ange,Female,1980-10-28,true,jcb
122,Glyn,Male,1970-02-26,true,americanexpress
123,Farrel,Male,1978-06-22,true,
124,Berkeley,Male,1964-12-11,false,maestro
125,Stanleigh,Male,1958-02-02,false,maestro
126,Verge,Male,1958-07-06,false,americanexpress
127,Claudine,Female,1987-04-24,true,jcb
128,Hendrik,Male,1990-09-16,false,mastercard
129,Salomi,Female,1951-08-23,true,laser
130,Tucky,Male,1969-08-27,true,mastercard
131,Janka,Female,1991-02-02,false,maestro
132,Toni,Female,1969-12-12,true,jcb
133,Pepito,Male,1961-11-09,true,jcb
134,Faythe,Female,1992-04-27,true,maestro
135,Kevyn,Female,1969-05-21,true,americanexpress
136,Harald,Male,1952-09-26,false,maestro
137,Cacilie,Female,1973-12-25,true,jcb
138,Woodman,Male,1977-10-11,false,americanexpress
139,Devina,Female,1966-07-24,true,jcb
140,Culley,Male,1965-12-10,false,diners-club-enroute
141,Marena,Female,1950-07-02,true,mastercard
142,Ingeborg,Female,1954-12-14,false,maestro
143,Cori,Male,1956-05-06,true,solo
144,Vanya,Male,1984-02-22,true,jcb
145,Oliver,Male,1956-10-25,false,diners-club-enroute
146,Cal,Female,1999-05-14,true,diners-club-enroute
147,Carter,Male,1965-09-22,false,americanexpress
148,Fraze,Male,1986-05-05,true,mastercard
149,Simon,Male,1980-02-19,true,mastercard
150,Glenn,Female,1995-12-31,true,china-unionpay
151,Felizio,Male,1952-04-07,true,jcb
152,Gery,Male,1955-10-30,true,mastercard
153,Mercie,Female,1964-05-11,false,
154,Ferdie,Male,2000-06-12,true,diners-club-enroute
155,Joannes,Female,1990-06-10,true,china-unionpay
156,Hanni,Female,1953-01-01,false,jcb
157,Eddie,Male,1966-05-28,false,bankcard
158,Enriqueta,Female,1951-03-11,false,china-unionpay
159,Rodge,Male,1955-03-06,true,jcb
160,Sutton,Male,1968-02-13,false,mastercard
161,Leta,Female,1981-05-26,true,jcb
162,Laney,Female,1969-06-26,true,diners-club-carte-blanche
163,Forester,Male,1997-02-03,true,switch
164,Lane,Male,1969-05-11,true,jcb
165,Eddi,Female,1990-12-19,true,visa
166,Gus,Female,1971-10-10,false,jcb
167,Jemmie,Female,1961-04-27,false,
168,Kimbell,Male,1988-05-21,false,
169,Rosene,Female,1977-12-13,true,jcb
170,Dolorita,Female,1971-04-27,false,mastercard
171,Gwenneth,Female,1994-03-27,false,diners-club-carte-blanche
172,Nolan,Male,1973-03-29,false,visa-electron
173,Nevin,Male,1982-05-26,true,jcb
174,Terencio,Male,1987-04-13,true,jcb
175,Glad,Female,1975-04-13,true,diners-club-carte-blanche
176,Stacee,Male,1980-01-01,false,china-unionpay
177,Virgilio,Male,1960-05-26,true,diners-club-carte-blanche
178,Antonio,Male,1984-02-12,true,mastercard
179,Othella,Female,1956-10-19,false,jcb
180,Cristionna,Female,1982-05-23,true,switch
181,Jaye,Male,1958-03-31,false,jcb
182,Rea,Female,1975-03-22,false,jcb
183,Daveta,Female,1981-12-22,true,mastercard
184,Pavla,Female,1969-02-19,false,maestro
185,Benjie,Male,1970-04-06,true,jcb
186,Chic,Male,1983-12-14,false,americanexpress
187,Iver,Male,1985-07-25,true,jcb
188,Jackson,Male,1972-03-27,true,jcb
189,Ealasaid,Female,1966-05-17,false,jcb
190,Annmaria,Female,1982-12-20,true,
191,Gunar,Male,1976-03-04,true,bankcard
192,Iormina,Female,1975-03-22,true,maestro
193,Jessee,Male,1970-08-17,false,diners-club-us-ca
194,Elmore,Male,1989-06-16,false,jcb
195,Cissy,Female,1998-09-19,false,americanexpress
196,Dannie,Male,2000-08-02,false,jcb
197,Rinaldo,Male,1988-06-30,false,jcb
198,Byrann,Male,1995-12-11,false,china-unionpay
199,Rayner,Male,1953-02-21,true,visa-electron
200,Ashlin,Male,1983-08-26,false,jcb
201,Michail,Male,1980-05-13,true,solo
202,Indira,Female,1962-09-22,true,americanexpress
203,Maxwell,Male,1962-06-03,true,visa-electron
204,Dulcy,Female,1974-01-16,false,
205,Rubi,Female,1983-06-29,false,jcb
206,Ximenes,Male,1962-07-07,true,jcb
207,Nance,Female,1967-01-08,true,jcb
208,Tabbie,Female,1983-04-05,true,jcb
209,Yankee,Male,1993-01-17,false,mastercard
210,Fredericka,Female,1953-03-17,false,jcb
211,Noella,Female,1982-04-05,false,jcb
212,Findlay,Male,1982-02-04,true,diners-club-us-ca
213,Lisette,Female,1995-03-21,true,visa
214,Armand,Male,1954-05-01,true,maestro
215,Kare,Female,1990-02-26,false,mastercard
216,Elsbeth,Female,1980-04-21,true,
217,Gianina,Female,1961-09-02,true,jcb
218,Constantin,Male,1983-04-09,true,maestro
219,Keir,Male,1991-10-31,true,mastercard
220,Bettye,Female,1995-01-20,false,switch
221,Harold,Male,1990-08-27,false,diners-club-carte-blanche
222,Geraldine,Female,1978-04-26,false,instapayment
223,Kala,Female,1971-07-28,false,bankcard
224,Lock,Male,1992-03-09,false,jcb
225,Sibelle,Female,1950-08-02,true,
226,Morley,Male,1971-11-22,true,
227,Jimmy,Male,1977-04-12,false,jcb
228,Perkin,Male,1968-01-21,true,maestro
229,Corabel,Female,1980-01-21,true,maestro
230,Heriberto,Male,1957-12-09,true,
231,Maje,Male,1977-09-16,true,jcb
232,Gherardo,Male,1990-01-23,true,jcb
233,Clive,Male,1979-11-08,false,
234,Linet,Female,1990-09-20,true,china-unionpay
235,Alair,Male,1958-06-29,true,jcb
236,Ced,Male,1953-11-04,false,jcb
237,Mindy,Female,1963-09-09,true,jcb
238,Obie,Male,1982-02-04,true,switch
239,Tommie,Female,1969-06-30,true,jcb
240,Maybelle,Female,1975-01-13,false,
241,Maxine,Female,1995-08-01,false,diners-club-carte-blanche
242,Glori,Female,1963-03-15,false,maestro
243,Amerigo,Male,1984-02-15,false,jcb
244,Timmy,Male,1984-12-01,false,jcb
245,Anya,Female,1972-10-28,false,jcb
246,Amandie,Female,1953-12-11,false,jcb
247,Jan,Female,1959-05-27,false,diners-club-us-ca
248,Debby,Female,1966-07-11,false,instapayment
249,Roanne,Female,1989-05-29,true,jcb
250,Daveen,Female,1959-06-07,false,americanexpress
251,Baudoin,Male,1962-02-21,false,maestro
252,Irena,Female,1966-01-05,true,jcb
253,Kimberlyn,Female,1998-09-26,false,
254,Milka,Female,1963-10-08,false,jcb
255,Leonhard,Male,1958-08-27,false,switch
256,Merla,Female,1991-09-19,false,jcb
257,Cornall,Male,1983-03-01,false,mastercard
258,Jackie,Female,1954-12-03,true,americanexpress
259,Trisha,Female,1991-08-21,true,china-unionpay
260,Myra,Female,1988-04-25,false,mastercard
261,Milka,Female,1958-01-28,true,visa
262,Mariann,Female,1953-10-08,false,americanexpress
263,Petronia,Female,1989-09-30,true,jcb
264,Carlee,Female,1963-04-20,false,jcb
265,Domingo,Male,1983-07-06,false,americanexpress
266,Leonelle,Female,1989-06-25,false,maestro
267,Rock,Male,1970-08-19,false,maestro
268,Aili,Female,1959-09-28,false,switch
269,Hodge,Male,1960-12-31,true,jcb
270,Adoree,Female,1960-11-06,false,jcb
271,Karlotte,Female,1997-02-19,true,jcb
272,Celie,Female,1950-10-23,true,jcb
273,Walliw,Female,1996-07-21,true,jcb
274,Tucky,Male,1966-02-14,true,jcb
275,Erroll,Male,1951-11-09,false,jcb
276,Sabra,Female,1974-01-29,false,jcb
277,Vinnie,Male,1978-08-06,false,switch
278,Janaya,Female,1968-03-07,false,diners-club-enroute
279,Avie,Female,1992-06-12,true,switch
280,Brigida,Female,1976-12-23,true,jcb
281,Coraline,Female,1959-05-17,false,
282,Mahala,Female,1965-05-21,false,mastercard
283,Layton,Male,1995-12-03,true,visa-electron
284,Ruperta,Female,1985-02-22,false,jcb
285,Tobit,Male,1974-08-20,false,jcb
286,Dallas,Female,1985-10-02,true,maestro
287,Tasia,Female,1976-04-08,false,jcb
288,Quint,Male,1981-07-06,false,solo
289,Nadiya,Female,1954-12-23,false,jcb
290,Brocky,Male,1997-12-13,false,jcb
291,Cyrillus,Male,1996-09-13,true,
292,Clywd,Male,1961-08-09,true,china-unionpay
293,Mel,Female,1987-02-03,false,jcb
294,Vincents,Male,1982-12-16,false,
295,Conway,Male,1954-06-17,false,jcb
296,Mureil,Female,1996-09-04,false,
297,Imogene,Female,1970-05-26,false,switch
298,Baird,Male,1960-09-16,false,mastercard
299,Kort,Male,1972-12-25,true,jcb
300,Wilow,Female,1985-12-16,false,jcb
301,Randy,Female,1993-07-06,false,jcb
302,Laurent,Male,1967-12-23,true,mastercard
303,Cathlene,Female,1988-08-31,true,mastercard
304,Lilia,Female,1995-12-01,true,visa-electron
305,Beau,Male,1966-06-17,true,jcb
306,Wheeler,Male,1960-05-08,true,diners-club-enroute
307,Claresta,Female,1989-07-02,true,china-unionpay
308,Gonzales,Male,1981-11-07,true,jcb
309,Tobi,Female,1988-05-08,true,jcb
310,Billi,Female,1955-12-14,false,diners-club-carte-blanche
311,Normy,Male,2000-08-12,false,visa-electron
312,Dolores,Female,1986-10-22,true,americanexpress
313,Malachi,Male,1967-02-10,false,mastercard
314,Giraud,Male,1994-07-08,false,
315,Cyrille,Male,1993-08-30,false,maestro
316,Sissie,Female,1950-10-08,true,jcb
317,Shaylynn,Female,1986-12-04,true,jcb
318,Jobey,Female,1980-12-06,true,instapayment
319,Guillemette,Female,1994-10-07,true,
320,Benedick,Male,1987-11-07,true,switch
321,Eugenie,Female,1977-08-23,false,jcb
322,Kimberli,Female,1994-10-22,true,
323,Elisha,Female,1974-11-12,true,maestro
324,Blinny,Female,1966-09-27,true,maestro
325,Mickey,Male,1993-01-15,false,mastercard
326,Tish,Female,1980-05-28,true,jcb
327,Ryley,Male,1997-01-09,true,jcb
328,Faber,Male,1966-08-21,false,jcb
329,Nalani,Female,1976-05-31,true,maestro
330,Maitilde,Female,1965-02-01,true,visa
331,Jessi,Female,1981-11-01,true,jcb
332,Leelah,Female,1970-01-07,false,switch
333,Lona,Female,1966-11-12,true,jcb
334,Ban,Male,1972-07-03,true,visa-electron
335,Jerad,Male,1981-06-13,false,jcb
336,Rolph,Male,1972-11-15,false,jcb
337,Any,Male,1981-02-16,true,americanexpress
338,Herminia,Female,1954-04-23,true,jcb
339,Doralynn,Female,1963-10-25,true,jcb
340,Kirstyn,Female,1998-05-14,false,
341,Ernestine,Female,1967-08-15,true,jcb
342,Hermie,Male,1961-09-02,true,laser
343,Marci,Female,1961-11-15,true,americanexpress
344,Andrey,Male,1967-07-26,true,jcb
345,Felecia,Female,1973-11-15,true,china-unionpay
346,Henri,Male,1988-03-04,false,jcb
347,Mart,Male,1951-04-17,true,mastercard
348,Jacklyn,Female,1984-12-05,true,jcb
349,Job,Male,1982-09-17,true,jcb
350,Kendricks,Male,1982-08-04,false,visa-electron
351,Kean,Male,1963-11-08,true,jcb
352,Caralie,Female,1961-06-29,false,bankcard
353,Allyn,Male,1966-08-21,false,laser
354,Ban,Male,1979-10-17,false,diners-club-carte-blanche
355,Booth,Male,1983-03-02,true,
356,Oona,Female,1992-06-25,false,
357,Orion,Male,1961-03-06,true,china-unionpay
358,Maureene,Female,1999-10-12,false,jcb
359,Shandie,Female,1961-08-12,true,americanexpress
360,Enrico,Male,1961-09-12,true,jcb
361,Janet,Female,1972-08-18,false,jcb
362,Casie,Female,1967-05-22,false,
363,Herschel,Male,1980-08-25,false,bankcard
364,Vivi,Female,1992-08-12,true,diners-club-carte-blanche
365,Tanney,Male,1989-11-07,true,
366,Magda,Female,1970-07-31,false,diners-club-enroute
367,Thorin,Male,1959-02-19,true,visa-electron
368,Neill,Male,1959-04-04,false,jcb
369,Carola,Female,1954-05-31,false,mastercard
370,Gage,Male,1980-08-21,false,maestro
371,Pearce,Male,1991-04-12,true,bankcard
372,Paxon,Male,1986-02-18,true,laser
373,Erin,Female,1980-01-11,true,jcb
374,Julienne,Female,1961-04-13,false,
375,Kesley,Female,1985-11-02,false,mastercard
376,Emile,Male,1972-03-11,false,jcb
377,Tommi,Female,1988-05-31,false,diners-club-enroute
378,Christophe,Male,2000-11-21,true,jcb
379,Cordi,Female,1964-04-20,false,laser
380,Cleavland,Male,1975-10-12,true,jcb
381,Basilio,Male,1960-06-21,true,laser
382,Bert,Male,1979-02-02,false,instapayment
383,Elroy,Male,1965-03-21,false,jcb
384,Guido,Male,1978-03-30,false,jcb
385,Bjorn,Male,1965-09-20,false,
386,Bennett,Male,1986-08-10,false,diners-club-carte-blanche
387,Willem,Male,1988-02-26,true,jcb
388,Elwin,Male,1991-09-16,true,jcb
389,Leena,Female,1991-11-04,true,mastercard
390,Harlen,Male,1955-09-05,true,americanexpress
391,Dora,Female,1977-04-08,true,diners-club-enroute
392,Lek,Male,1992-05-29,false,jcb
393,Prisca,Female,1969-03-12,true,jcb
394,Burk,Male,1954-08-19,false,visa-electron
395,Del,Male,1998-04-08,true,jcb
396,Early,Male,1996-02-18,false,jcb
397,Wat,Male,1987-08-21,false,laser
398,Danica,Female,1984-12-14,false,maestro
399,Maryl,Female,1987-03-30,false,diners-club-carte-blanche
400,Riccardo,Male,1963-12-20,true,bankcard
401,Joe,Male,1983-01-11,false,jcb
402,Arline,Female,1959-02-20,false,diners-club-international
403,Franciska,Female,1977-12-01,true,americanexpress
404,Fergus,Male,1999-02-23,false,china-unionpay
405,Durand,Male,1976-10-03,true,jcb
406,Anthe,Female,1991-07-04,true,jcb
407,Logan,Male,1997-01-20,true,laser
408,Sholom,Male,1971-05-02,true,
409,Craig,Male,1993-10-16,false,maestro
410,Guntar,Male,1999-05-11,false,maestro
411,Ellette,Female,1950-01-19,true,jcb
412,Teirtza,Female,1959-03-26,false,jcb
413,Urbano,Male,1983-10-04,true,jcb
414,Christopher,Male,1956-03-20,false,americanexpress
415,Mirilla,Female,1967-12-12,true,mastercard
416,Jodie,Female,1990-06-04,true,bankcard
417,Inglebert,Male,1959-04-17,false,
418,Elly,Female,1999-01-09,true,bankcard
419,Nerta,Female,1956-02-02,false,mastercard
420,Sherye,Female,1964-05-29,true,
421,Janeta,Female,1983-11-15,false,bankcard
422,Letta,Female,1950-01-03,true,jcb
423,Nikki,Male,1958-10-08,false,jcb
424,Melloney,Female,1991-08-12,true,jcb
425,Nikki,Female,1988-12-25,false,jcb
426,Clayborne,Male,1987-11-16,true,jcb
427,Geraldine,Female,1966-11-04,true,solo
428,Bobbe,Female,1987-05-14,true,jcb
429,Moyra,Female,1973-03-11,false,diners-club-us-ca
430,Dorette,Female,1968-11-02,true,
431,Whitby,Male,1963-06-01,false,jcb
432,Johnathon,Male,1982-02-06,true,
433,Niel,Male,1978-03-01,true,visa
434,Saul,Male,1981-05-24,true,maestro
435,Sylvia,Female,1970-04-14,false,jcb
436,Cris,Female,1952-01-06,true,americanexpress
437,Sibilla,Female,2000-07-10,true,mastercard
438,Gretta,Female,1978-08-18,false,diners-club-enroute
439,Sky,Male,1953-11-09,false,jcb
440,Darlleen,Female,1958-11-05,true,
441,Bald,Male,1952-05-21,false,maestro
442,Hartley,Male,1995-02-13,true,jcb
443,Steward,Male,1988-10-25,true,jcb
444,Stephannie,Female,1997-09-11,true,switch
445,Radcliffe,Male,1973-04-08,true,jcb
446,Garald,Male,1961-11-24,true,jcb
447,Lucky,Female,1963-06-01,true,jcb
448,Nana,Female,1996-06-12,true,jcb
449,Thedrick,Male,1960-11-19,true,jcb
450,Lizzy,Female,1971-08-04,true,jcb
451,Keir,Male,1992-06-04,true,jcb
452,Rafa,Female,1969-01-02,false,jcb
453,Ronnica,Female,1957-05-21,false,
454,Alastair,Male,1988-04-27,true,switch
455,Guthrey,Male,1963-09-22,false,diners-club-carte-blanche
456,Ermentrude,Female,1986-12-16,false,bankcard
457,Gwyn,Female,1950-12-19,true,china-unionpay
458,Broddie,Male,1962-08-03,false,mastercard
459,Giulietta,Female,1991-09-07,true,china-unionpay
460,Luciano,Male,1966-05-08,false,switch
461,Olly,Female,1987-12-26,true,solo
462,Erin,Female,1994-06-02,false,visa-electron
463,Clair,Female,1973-11-24,true,switch
464,Hube,Male,1983-09-12,false,mastercard
465,Cart,Male,1964-05-21,false,jcb
466,Isiahi,Male,1958-01-06,true,visa-electron
467,Bearnard,Male,1987-03-30,true,
468,Samuel,Male,1956-03-11,true,mastercard
469,Maynard,Male,1957-08-12,true,bankcard
470,Ashlen,Female,1994-02-26,true,visa-electron
471,Kelsi,Female,1978-05-27,false,china-unionpay
472,Modesty,Female,1962-04-01,false,jcb
473,Sharai,Female,1969-06-18,true,switch
474,Laurent,Male,1993-08-20,false,jcb
475,Ole,Male,1964-05-21,true,americanexpress
476,Harley,Male,1986-05-07,true,bankcard
477,Barbabas,Male,1975-01-29,false,americanexpress
478,Carter,Male,1997-08-15,true,maestro
479,Bennie,Female,1996-04-17,true,diners-club-enroute
480,Barth,Male,1953-06-16,false,jcb
481,Jeannine,Female,1982-07-27,false,mastercard
482,Nickolaus,Male,1980-11-21,false,visa-electron
483,Cherye,Female,1953-11-28,false,jcb
484,Michaela,Female,1974-12-12,false,maestro
485,Abner,Male,1993-10-17,true,diners-club-us-ca
486,Shanie,Female,1989-05-20,false,bankcard
487,Elise,Female,1989-01-21,false,diners-club-carte-blanche
488,Mill,Male,1969-03-29,false,switch
489,Margaretha,Female,1978-05-17,true,
490,Michele,Female,1956-10-08,false,jcb
491,Diannne,Female,1959-02-06,true,solo
492,Rena,Female,1954-06-05,true,jcb
493,Catha,Female,1973-07-04,true,
494,Reinaldos,Male,1961-10-20,true,instapayment
495,Kurtis,Male,1961-09-26,false,visa
496,Reiko,Female,1972-09-17,true,mastercard
497,Brittni,Female,1995-09-16,true,jcb
498,Steven,Male,1992-05-10,true,jcb
499,Manny,Male,1974-10-05,true,diners-club-carte-blanche
500,Sherlocke,Male,1987-06-01,true,bankcard
501,Elisa,Female,1956-11-23,true,visa-electron
502,Myrtice,Female,1950-02-05,true,maestro
503,Gail,Female,1964-11-12,false,mastercard
504,Wilek,Male,1952-09-26,true,visa-electron
505,Salim,Male,1998-05-10,false,mastercard
506,Carry,Female,1986-11-02,false,diners-club-enroute
507,Sadie,Female,1988-08-22,false,mastercard
508,Gaylor,Male,1983-06-11,false,jcb
509,Akim,Male,1978-10-09,false,jcb
510,Gabrila,Female,1962-03-24,false,mastercard
511,Dorisa,Female,1961-08-05,true,bankcard
512,Nickolaus,Male,1972-08-10,true,jcb
513,Diandra,Female,1990-10-01,true,visa-electron
514,Farris,Male,1973-02-13,false,jcb
515,Marilyn,Female,1979-08-15,true,mastercard
516,Bud,Male,1960-04-08,false,jcb
517,Maribelle,Female,1959-07-22,false,mastercard
518,Karmen,Female,1961-09-26,true,jcb
519,Theadora,Female,1989-07-25,false,jcb
520,Christa,Female,1989-11-05,false,mastercard
521,Keven,Male,1990-10-03,false,
522,Aimil,Female,1974-10-07,false,
523,Bonny,Female,1989-02-17,false,mastercard
524,Liana,Female,1958-10-11,false,
525,Emilie,Female,1990-10-26,false,jcb
526,Hernando,Male,1976-03-21,false,jcb
527,Con,Female,1962-07-13,true,jcb
528,Estrella,Female,1977-07-15,true,
529,Redford,Male,1969-12-28,true,jcb
530,Halette,Female,1952-03-12,true,jcb
531,Lizbeth,Female,1988-08-16,false,
532,Elyse,Female,1955-10-04,true,diners-club-carte-blanche
533,Miller,Male,1961-02-23,true,jcb
534,Bree,Female,1969-05-21,true,maestro
535,Maurizia,Female,1972-09-16,false,bankcard
536,Odetta,Female,1993-03-26,false,jcb
537,Israel,Male,1982-02-10,false,bankcard
538,Georgina,Female,1969-01-10,false,jcb
539,Ronnica,Female,1980-01-03,false,visa-electron
540,Cordell,Male,1981-11-24,false,jcb
541,Adel,Female,1983-08-26,true,americanexpress
542,Earlie,Male,1995-07-02,false,mastercard
543,Rubin,Male,1989-10-13,false,mastercard
544,Alasteir,Male,1985-05-29,true,maestro
545,Barclay,Male,1951-05-04,false,diners-club-carte-blanche
546,Suzanna,Female,1965-02-06,false,jcb
547,Carola,Female,1964-09-13,true,laser
548,Weider,Male,1992-03-19,true,diners-club-carte-blanche
549,Reinwald,Male,1963-05-22,true,jcb
550,Mella,Female,1976-05-16,true,switch
551,Susi,Female,1968-06-12,false,diners-club-enroute
552,Tilly,Female,1989-06-23,false,mastercard
553,Lianne,Female,1995-12-05,true,jcb
554,Stacey,Female,1994-03-14,false,jcb
555,Susette,Female,1991-09-08,false,mastercard
556,Bobbie,Female,1966-07-02,false,solo
557,Leola,Female,1959-12-02,false,diners-club-carte-blanche
558,Brose,Male,1994-01-12,false,jcb
559,Kelly,Female,1998-01-21,true,bankcard
560,Charo,Female,1979-01-17,false,mastercard
561,Christoforo,Male,1997-09-09,false,jcb
562,Bianka,Female,1958-04-12,false,americanexpress
563,Rafaelia,Female,1958-09-04,false,jcb
564,Pearl,Female,1955-07-20,true,mastercard
565,Jefferson,Male,1954-05-30,false,americanexpress
566,Galven,Male,1967-10-27,true,switch
567,Lester,Male,1994-05-18,true,jcb
568,Elisabetta,Female,1955-11-03,false,china-unionpay
569,Chadwick,Male,1962-12-27,true,jcb
570,Sheffield,Male,1960-10-01,false,diners-club-carte-blanche
571,Terrence,Male,1968-10-18,true,
572,Keelby,Male,1955-08-24,true,visa
573,Merry,Male,1970-07-27,false,switch
574,Brannon,Male,1965-05-12,true,diners-club-enroute
575,Lind,Female,1987-02-06,false,china-unionpay
576,Dane,Male,1965-03-27,true,jcb
577,Crichton,Male,1996-09-18,true,diners-club-carte-blanche
578,Megen,Female,1965-12-01,false,solo
579,Ebeneser,Male,1957-12-12,false,americanexpress
580,Asher,Male,1989-12-11,false,diners-club-enroute
581,Lyndy,Female,1982-03-13,true,
582,Leia,Female,1985-06-11,false,jcb
583,Rollie,Male,1985-12-23,true,solo
584,Hermia,Female,1958-10-03,true,jcb
585,Kirstin,Female,1978-04-24,false,jcb
586,Lisetta,Female,1990-10-16,false,switch
587,Annecorinne,Female,1954-11-28,true,maestro
588,Rancell,Male,1968-09-10,false,jcb
589,Minnaminnie,Female,1980-01-21,true,
590,Trueman,Male,1987-07-17,true,mastercard
591,Bronny,Male,1960-07-10,false,china-unionpay
592,Veda,Female,1986-06-18,true,jcb
593,Tye,Male,1956-03-06,true,laser
594,Duffy,Male,1989-05-30,false,visa-electron
595,Lenee,Female,1980-11-15,false,jcb
596,Claybourne,Male,1994-07-29,true,americanexpress
597,Lucio,Male,1961-07-02,true,
598,Alecia,Female,1984-04-13,false,china-unionpay
599,Coleen,Female,1960-07-07,true,
600,Clevey,Male,1970-05-18,false,jcb
601,Frederic,Male,1967-03-26,false,china-unionpay
602,Jim,Male,1964-09-14,false,jcb
603,Simonette,Female,1993-09-05,true,maestro
604,Reginald,Male,1956-11-14,false,visa-electron
605,Lucien,Male,1959-10-16,true,jcb
606,Beale,Male,1991-08-27,false,diners-club-us-ca
607,Forest,Male,1958-07-27,true,bankcard
608,Cristiano,Male,1976-05-05,true,americanexpress
609,Dare,Male,1969-05-20,true,jcb
610,Dianemarie,Female,1959-04-03,true,diners-club-carte-blanche
611,Yettie,Female,1958-09-15,false,mastercard
612,Brinna,Female,1955-03-09,false,jcb
613,Aldus,Male,1955-03-13,true,mastercard
614,Bax,Male,1983-07-25,true,bankcard
615,Kellby,Male,1980-05-01,false,china-unionpay
616,Adriano,Male,1995-12-11,false,jcb
617,Lauree,Female,1980-09-14,true,jcb
618,Lazare,Male,1972-03-13,false,maestro
619,Timmie,Male,1956-12-06,true,mastercard
620,Shadow,Male,1994-09-14,true,
621,Neile,Female,1980-07-09,false,jcb
622,Keefer,Male,1974-09-14,false,diners-club-enroute
623,Johnath,Female,1950-03-27,false,
624,Tracie,Male,1992-06-03,true,jcb
625,Roseline,Female,1994-05-10,false,
626,Rosana,Female,1953-08-08,true,switch
627,Bernardo,Male,1953-05-12,false,diners-club-carte-blanche
628,Henka,Female,1978-04-30,false,visa
629,Mayne,Male,1976-10-13,true,
630,Ferris,Male,1958-10-12,true,china-unionpay
631,Tabbi,Female,1956-05-01,true,jcb
632,Woody,Male,1972-12-17,true,laser
633,Nari,Female,1973-08-27,true,visa-electron
634,Tiffani,Female,1965-07-28,true,bankcard
635,Carl,Male,1973-11-24,false,jcb
636,Shayne,Male,1954-12-23,false,jcb
637,Olivier,Male,1957-01-22,true,maestro
638,Paule,Female,1952-06-16,false,jcb
639,Tomi,Female,1997-08-23,false,jcb
640,Jennee,Female,1974-09-29,true,switch
641,Edouard,Male,1998-07-30,false,mastercard
642,Brook,Female,1969-09-01,true,diners-club-carte-blanche
643,Ramon,Male,1975-09-24,false,diners-club-international
644,Corry,Female,1987-07-09,true,jcb
645,Ichabod,Male,1992-12-17,false,jcb
646,Allen,Male,1981-06-30,true,jcb
647,Karoline,Female,1986-05-19,false,
648,Chrystal,Female,1991-10-22,false,jcb
649,Culley,Male,1973-05-05,true,jcb
650,Richardo,Male,1989-05-31,false,jcb
651,Hewie,Male,1987-11-25,false,mastercard
652,Yancy,Male,1968-02-28,true,americanexpress
653,Haskel,Male,1992-11-28,true,jcb
654,Antonino,Male,1975-08-13,true,switch
655,Tanhya,Female,1974-03-10,false,jcb
656,Hill,Male,1960-04-13,false,jcb
657,Angie,Female,1995-12-09,false,diners-club-enroute
658,Karlik,Male,1978-10-30,false,jcb
659,Cristina,Female,1985-06-01,true,diners-club-carte-blanche
660,Mamie,Female,1999-07-13,true,china-unionpay
661,Gay,Female,1971-01-21,true,mastercard
662,Cherise,Female,1964-03-19,true,jcb
663,Earvin,Male,1953-03-03,false,jcb
664,Beilul,Female,1950-02-10,false,laser
665,Sergent,Male,1952-09-11,false,jcb
666,Willis,Male,1998-04-04,true,
667,Aile,Female,2000-12-14,true,jcb
668,Marlane,Female,1974-06-30,false,diners-club-us-ca
669,Caroline,Female,1991-06-17,false,jcb
670,Morty,Male,1983-12-01,true,jcb
671,Victoria,Female,1992-01-12,true,americanexpress
672,Sofia,Female,1970-06-17,false,americanexpress
673,Phillipp,Male,1987-02-09,false,jcb
674,Heida,Female,1999-02-24,false,switch
675,Merline,Female,1999-11-26,true,visa-electron
676,Stevie,Male,1959-08-18,false,mastercard
677,Mindy,Female,1970-12-11,false,laser
678,Emelina,Female,1993-02-16,true,china-unionpay
679,Calypso,Female,1970-06-04,true,
680,Claretta,Female,1954-08-28,false,maestro
681,Dionisio,Male,1952-10-23,false,visa-electron
682,Darnell,Male,1977-09-11,true,jcb
683,Melissa,Female,1996-04-29,false,americanexpress
684,Wendall,Male,1998-10-06,true,jcb
685,Mireielle,Female,1957-09-19,true,diners-club-carte-blanche
686,Erma,Female,1968-04-29,false,
687,Jinny,Female,1959-04-06,true,
688,Terrijo,Female,2000-02-10,true,jcb
689,Lita,Female,1988-11-27,true,instapayment
690,Aldric,Male,1961-12-14,true,jcb
691,Lazaro,Male,1953-10-07,true,maestro
692,Mirilla,Female,1958-01-31,true,china-unionpay
693,Caleb,Male,1974-05-30,true,switch
694,Gary,Male,1982-07-26,true,visa
695,Horst,Male,1975-07-14,false,mastercard
696,Pace,Male,1996-01-23,false,switch
697,Hoyt,Male,1986-07-29,true,diners-club-carte-blanche
698,Ronnie,Female,1973-09-17,false,jcb
699,Jard,Male,1951-01-11,false,americanexpress
700,Jody,Male,1953-01-04,false,jcb
701,Gard,Male,1977-04-10,false,jcb
702,Tris,Male,1966-02-02,false,switch
703,Koressa,Female,1964-06-12,true,visa-electron
704,Oren,Male,1954-05-05,false,jcb
705,Willy,Male,1973-11-14,true,mastercard
706,Travus,Male,1995-10-28,false,mastercard
707,Marten,Male,1951-04-29,true,jcb
708,Lissa,Female,1993-04-26,false,instapayment
709,Marcellina,Female,1975-12-12,true,jcb
710,Emery,Male,1987-01-08,false,jcb
711,Gwendolyn,Female,2000-07-30,false,china-unionpay
712,Bernita,Female,1998-11-29,false,
713,Oberon,Male,1996-04-19,false,jcb
714,Patricio,Male,1957-01-09,false,jcb
715,Corrie,Male,1976-01-25,true,jcb
716,Teressa,Female,1952-06-17,true,
717,Paten,Male,1996-10-09,false,mastercard
718,Haleigh,Male,1973-10-14,true,diners-club-carte-blanche
719,Adelbert,Male,1977-04-28,false,mastercard
720,Romain,Male,1962-01-11,false,maestro
721,Silvester,Male,1979-01-25,false,
722,Bowie,Male,1993-08-24,false,americanexpress
723,Deane,Female,1967-02-05,false,diners-club-enroute
724,Berky,Male,1999-10-07,true,china-unionpay
725,Bertrand,Male,1973-01-07,true,diners-club-carte-blanche
726,Mareah,Female,1963-12-16,true,jcb
727,Joelle,Female,1954-03-06,false,jcb
728,Sayers,Male,1990-01-29,false,visa
729,Harley,Female,1969-05-09,true,visa-electron
730,Klarika,Female,1976-09-06,true,laser
731,Ermentrude,Female,1959-05-10,false,jcb
732,Galven,Male,1990-02-25,true,maestro
733,Josepha,Female,1963-12-30,false,diners-club-international
734,Delia,Female,1960-08-13,true,
735,Jesse,Male,1975-03-20,false,jcb
736,Marion,Male,1961-11-30,true,china-unionpay
737,Chelsae,Female,1962-09-12,true,
738,Dory,Female,1966-12-01,true,
739,Bancroft,Male,1983-10-06,false,jcb
740,Malinda,Female,1983-09-14,false,mastercard
741,Edan,Male,1970-11-15,true,mastercard
742,Marabel,Female,1955-05-22,true,bankcard
743,Maximo,Male,1985-03-11,true,
744,Ugo,Male,1992-02-18,false,jcb
745,Esma,Female,1971-04-17,false,americanexpress
746,Natala,Female,1980-03-22,true,
747,Catha,Female,1972-05-27,false,jcb
748,Costa,Male,1954-01-29,true,switch
749,Patrice,Male,1989-08-13,true,jcb
750,Idette,Female,1950-05-05,true,maestro
751,Haleigh,Male,1960-10-13,true,china-unionpay
752,Velvet,Female,1963-05-10,false,jcb
753,Arliene,Female,1982-11-18,false,jcb
754,Antonin,Male,1973-04-28,true,diners-club-us-ca
755,Lenore,Female,1980-02-13,false,jcb
756,Bennie,Male,1960-01-07,true,visa-electron
757,Rupert,Male,1968-01-22,false,bankcard
758,Shelby,Male,1959-07-06,true,visa-electron
759,Ansel,Male,1991-08-28,false,jcb
760,Mady,Female,1967-09-20,false,jcb
761,Cynthea,Female,1994-06-20,false,instapayment
762,Haily,Male,1994-11-23,false,jcb
763,Brose,Male,1992-10-14,true,jcb
764,Phoebe,Female,1993-02-05,false,jcb
765,Jammal,Male,1956-05-22,true,jcb
766,Arabelle,Female,1999-02-03,true,visa-electron
767,Rafaela,Female,1986-10-17,false,jcb
768,Hulda,Female,1995-02-25,true,jcb
769,Oates,Male,1980-10-03,true,jcb
770,Aileen,Female,1953-11-08,true,
771,Gram,Male,1959-05-17,false,bankcard
772,Tait,Male,1955-01-15,true,jcb
773,Amos,Male,1998-04-10,false,
774,Ray,Male,1973-11-28,true,jcb
775,Siward,Male,1953-02-18,false,visa-electron
776,Rikki,Male,1976-05-09,false,visa
777,Jethro,Male,1976-08-11,true,visa-electron
778,Hali,Female,1987-12-14,false,jcb
779,Siffre,Male,1981-04-22,false,mastercard
780,Luis,Male,1977-12-03,true,mastercard
781,Bernarr,Male,2000-01-07,true,mastercard
782,Cathie,Female,1978-09-15,true,jcb
783,Kat,Female,1977-12-18,true,diners-club-enroute
784,Ibbie,Female,1977-08-14,false,jcb
785,Bary,Male,1985-03-19,true,jcb
786,Drusy,Female,1998-04-15,false,jcb
787,Thurston,Male,1977-01-06,false,
788,Mercedes,Female,1969-04-16,false,jcb
789,Bogart,Male,1992-03-13,true,switch
790,Bartie,Male,1974-06-11,false,
791,Port,Male,1974-01-30,true,mastercard
792,Jacklin,Female,1961-11-05,true,mastercard
793,Dalton,Male,1991-09-22,true,jcb
794,Prent,Male,1950-12-22,false,jcb
795,Maximilianus,Male,1978-01-12,true,
796,Penelopa,Female,1998-10-30,true,jcb
797,Connie,Male,1978-08-20,false,maestro
798,Janelle,Female,1984-02-04,false,diners-club-carte-blanche
799,Hetti,Female,1973-03-03,false,diners-club-enroute
800,Ed,Male,1990-10-19,false,visa
801,Mirabella,Female,1969-08-01,false,americanexpress
802,Liliane,Female,1971-12-07,false,jcb
803,Tybie,Female,1997-04-27,true,jcb
804,Porter,Male,1981-05-24,true,jcb
805,Neel,Male,1954-10-18,true,jcb
806,Phil,Male,1968-05-06,false,bankcard
807,Lorraine,Female,1982-11-07,true,jcb
808,Tomlin,Male,1985-07-19,true,instapayment
809,Kellyann,Female,1985-06-02,false,jcb
810,Amelia,Female,1961-06-12,false,jcb
811,Giulietta,Female,1988-05-24,true,diners-club-carte-blanche
812,Leeann,Female,1964-06-28,false,instapayment
813,Fredek,Male,1968-11-30,false,diners-club-us-ca
814,Hermie,Male,1996-02-19,true,jcb
815,Gregoire,Male,1996-05-14,false,jcb
816,Lorene,Female,1961-01-21,true,americanexpress
817,Anatol,Male,2000-08-07,false,jcb
818,Crystie,Female,1985-08-22,false,jcb
819,Linnell,Female,1988-10-07,false,
820,Dani,Male,1999-02-28,false,jcb
821,Brock,Male,1995-06-02,false,jcb
822,Sherill,Female,1974-08-04,true,jcb
823,Velma,Female,1960-04-24,false,mastercard
824,Ephrem,Male,1974-02-27,true,maestro
825,Felic,Male,1992-07-01,true,jcb
826,Enrique,Male,1965-05-31,true,diners-club-international
827,Ansel,Male,1956-07-31,true,
828,Fallon,Female,1959-05-28,true,bankcard
829,Randa,Female,2000-05-21,true,jcb
830,Berny,Male,1962-10-17,false,jcb
831,Domingo,Male,1982-02-12,false,laser
832,Randie,Female,1951-01-23,false,mastercard
833,Les,Male,1971-12-08,false,jcb
834,Reilly,Male,1972-10-15,false,mastercard
835,Greer,Female,1955-08-20,false,visa-electron
836,Josefina,Female,1952-01-20,false,jcb
837,Flemming,Male,1998-12-19,false,switch
838,Smith,Male,1994-08-03,false,jcb
839,Birk,Male,1991-02-15,false,mastercard
840,Flemming,Male,1958-07-13,false,mastercard
841,Eddie,Female,1975-01-02,true,
842,Dillie,Male,1961-04-19,false,visa-electron
843,Valina,Female,1992-10-10,true,laser
844,Birgit,Female,1975-05-28,false,
845,Jeramey,Male,1979-05-04,false,mastercard
846,Gilligan,Female,1999-11-30,true,jcb
847,Dori,Female,1968-11-02,true,switch
848,Bond,Male,1995-10-13,true,mastercard
849,Prince,Male,1963-12-04,true,jcb
850,Shermy,Male,1976-01-06,false,laser
851,Bron,Male,1967-12-19,true,solo
852,Spence,Male,1985-06-21,false,jcb
853,Wald,Male,1995-06-13,true,mastercard
854,Kathrine,Female,1977-03-30,false,
855,Estelle,Female,1988-02-15,true,
856,Thibaud,Male,1980-05-03,true,jcb
857,Venus,Female,1961-07-03,true,jcb
858,Alleyn,Male,1996-08-31,true,jcb
859,Aubrey,Female,1959-05-19,false,
860,Karrah,Female,1973-08-31,true,jcb
861,Barbe,Female,1993-01-16,true,jcb
862,Britteny,Female,1951-12-04,true,mastercard
863,Eal,Male,1982-07-26,false,jcb
864,Edee,Female,1981-10-27,false,switch
865,Pascale,Male,1982-09-08,true,switch
866,Courtney,Female,1980-03-12,false,switch
867,Meredith,Male,1974-05-19,true,jcb
868,Vincents,Male,1950-12-26,true,visa
869,Violette,Female,1969-09-12,true,jcb
870,Sib,Female,1991-03-21,false,americanexpress
871,Sharyl,Female,1996-10-21,false,china-unionpay
872,Northrop,Male,1981-06-28,false,diners-club-carte-blanche
873,Julienne,Female,1953-05-02,false,jcb
874,Cassandra,Female,1993-06-05,true,jcb
875,Walker,Male,1958-07-27,true,switch
876,Mabel,Female,1993-08-16,false,mastercard
877,Sandy,Male,1951-10-04,false,jcb
878,Tove,Female,1953-09-20,false,switch
879,Ibbie,Female,1973-04-18,true,americanexpress
880,Deeanne,Female,1956-07-18,false,jcb
881,Garwood,Male,1978-10-01,true,jcb
882,Yorke,Male,1982-11-02,false,jcb
883,Vivyan,Female,1980-05-31,true,visa-electron
884,Brnaby,Male,1951-09-30,false,maestro
885,Thurstan,Male,2000-12-05,false,maestro
886,Stearn,Male,1968-02-19,false,jcb
887,Caldwell,Male,1958-05-20,true,jcb
888,Cecilius,Male,1975-09-14,true,
889,Graig,Male,1983-11-25,false,jcb
890,Zsa zsa,Female,1952-07-28,false,jcb
891,Ariana,Female,1966-05-28,false,jcb
892,Con,Male,1970-07-16,true,jcb
893,Keven,Male,1977-06-21,false,
894,Nichol,Female,1960-10-24,false,mastercard
895,Rock,Male,1972-09-09,false,jcb
896,Tabatha,Female,1963-05-06,false,jcb
897,Benito,Male,1984-03-23,false,mastercard
898,Dave,Male,1981-04-09,true,jcb
899,Agosto,Male,1974-12-13,true,jcb
900,Wilden,Male,1966-08-29,false,diners-club-carte-blanche
901,Gabrila,Female,1990-12-03,false,mastercard
902,Eden,Female,1974-10-02,true,jcb
903,Parsifal,Male,1954-07-02,true,jcb
904,Lillis,Female,1981-07-08,false,
905,Matthiew,Male,1973-04-28,false,jcb
906,Aldrich,Male,1961-05-13,true,visa-electron
907,Rik,Male,1953-02-27,false,jcb
908,Isa,Male,1991-09-25,false,visa
909,Haslett,Male,1972-01-12,false,jcb
910,Ashton,Male,1959-10-13,false,jcb
911,Vanessa,Female,1951-06-17,true,maestro
912,Teddie,Female,1961-06-23,true,jcb
913,Lief,Male,1969-10-11,true,
914,Emmie,Female,1999-11-16,true,jcb
915,Chancey,Male,1999-02-10,true,switch
916,Hunt,Male,1956-07-24,false,mastercard
917,Clarisse,Female,1954-10-02,true,
918,Mattie,Male,1961-08-24,false,jcb
919,Nils,Male,1998-01-28,false,
920,Aymer,Male,1979-02-13,true,jcb
921,Richard,Male,1967-09-11,false,jcb
922,Mabel,Female,1979-07-24,false,diners-club-enroute
923,Sari,Female,1964-03-04,false,jcb
924,Sharia,Female,1968-09-13,false,mastercard
925,Billie,Male,1957-04-24,false,diners-club-carte-blanche
926,Teressa,Female,1981-06-26,true,china-unionpay
927,Barnabe,Male,1950-02-16,true,diners-club-carte-blanche
928,Adelbert,Male,1980-01-04,false,jcb
929,Kellia,Female,1982-05-27,false,diners-club-carte-blanche
930,Simon,Male,1963-04-15,false,jcb
931,Christy,Male,1955-02-09,true,diners-club-carte-blanche
932,Rheba,Female,1965-09-23,false,jcb
933,Pascale,Male,1966-10-18,false,instapayment
934,Daveen,Female,1976-06-22,false,diners-club-international
935,Yolanthe,Female,1996-08-28,false,switch
936,Leland,Male,1977-04-02,true,solo
937,Karol,Female,1991-05-07,true,mastercard
938,Alexandros,Male,1977-12-28,false,jcb
939,Panchito,Male,1983-10-06,false,jcb
940,Silvain,Male,1958-07-11,true,visa
941,Patric,Male,1971-05-22,false,bankcard
942,Laurens,Male,1951-04-02,false,diners-club-carte-blanche
943,Elvira,Female,1969-02-17,false,jcb
944,Patricio,Male,1995-06-29,false,diners-club-enroute
945,Elonore,Female,1966-01-06,false,switch
946,Ines,Female,1957-11-22,false,
947,Alexandros,Male,1981-04-16,false,diners-club-us-ca
948,Idalia,Female,1979-09-20,false,visa
949,Brien,Male,1958-04-07,true,diners-club-enroute
950,Allina,Female,1980-04-03,true,jcb
951,Jonas,Male,1959-09-16,true,bankcard
952,Nathan,Male,1953-03-09,true,jcb
953,Creighton,Male,1959-12-17,true,jcb
954,Miles,Male,1959-01-20,false,jcb
955,Crosby,Male,1966-08-31,false,jcb
956,Roselia,Female,1990-12-13,false,mastercard
957,Maddie,Male,2000-10-22,true,
958,Lief,Male,1997-04-07,false,jcb
959,Jodee,Female,1951-10-08,true,jcb
960,Emlyn,Female,1994-05-03,true,diners-club-carte-blanche
961,Sumner,Male,1973-08-27,false,bankcard
962,Bartholemy,Male,1999-10-29,true,mastercard
963,Mozes,Male,1975-11-27,false,bankcard
964,Bettine,Female,1972-04-28,true,mastercard
965,Donnie,Female,1970-07-07,false,jcb
966,Patrizius,Male,1952-08-31,true,jcb
967,Moyra,Female,1959-06-13,true,jcb
968,Richard,Male,1994-07-25,false,jcb
969,Orbadiah,Male,1961-08-27,false,mastercard
970,Cyndy,Female,1954-03-01,true,solo
971,Erek,Male,1974-12-23,false,bankcard
972,Markus,Male,1992-03-23,false,visa
973,Ada,Female,1976-01-11,true,visa-electron
974,Yvon,Male,2000-01-12,false,visa-electron
975,Berthe,Female,1976-08-31,false,jcb
976,Garvey,Male,1978-04-11,true,visa-electron
977,Gillan,Female,1962-01-04,false,china-unionpay
978,Lonnard,Male,1976-01-01,true,visa-electron
979,Vincents,Male,1976-03-31,false,china-unionpay
980,Gene,Female,1956-09-18,true,laser
981,Hedwig,Female,1966-05-27,false,jcb
982,Padget,Male,1991-02-21,true,mastercard
983,Bond,Male,1957-10-02,true,jcb
984,Odell,Male,1991-08-09,false,instapayment
985,Arturo,Male,1997-12-04,false,jcb
986,Kerk,Male,1966-05-17,true,
987,Ricki,Female,1999-02-13,false,visa-electron
988,Claiborn,Male,1951-04-23,false,instapayment
989,Gaye,Female,2000-08-29,true,mastercard
990,Tallie,Female,1977-11-29,true,mastercard
991,Adelice,Female,1954-11-05,true,diners-club-us-ca
992,Hirsch,Male,1952-06-13,false,mastercard
993,Jennette,Female,1987-12-28,false,mastercard
994,Haroun,Male,1980-11-01,false,mastercard
995,Winslow,Male,1954-12-17,false,switch
996,Else,Female,1956-05-29,false,jcb
997,Rab,Male,1955-05-04,false,diners-club-enroute
998,Mercedes,Female,1960-10-29,false,maestro
999,Cristobal,Male,1962-09-17,false,diners-club-international
1000,Torey,Female,1958-10-26,false,jcb
